{"data":{"allMdx":{"edges":[{"node":{"fields":{"slug":"/introduction","title":"Introduction"}}},{"node":{"fields":{"slug":"/","title":"History Page"}}},{"node":{"fields":{"slug":"/Section4","title":"Section 4"}}},{"node":{"fields":{"slug":"/Section5","title":"Section 5"}}},{"node":{"fields":{"slug":"/Section2","title":"Section 2"}}},{"node":{"fields":{"slug":"/Section6","title":"Section 6"}}},{"node":{"fields":{"slug":"/Section7","title":"Section 7"}}},{"node":{"fields":{"slug":"/Section3","title":"Section 3"}}},{"node":{"fields":{"slug":"/Section1","title":"Section 1"}}}]}}}