{"data":{"allMdx":{"edges":[{"node":{"fields":{"slug":"/","title":"History Page"}}},{"node":{"fields":{"slug":"/introduction","title":"Introduction"}}},{"node":{"fields":{"slug":"/Section3","title":"Annexation of Texas"}}},{"node":{"fields":{"slug":"/Section5","title":"The Start of the War"}}},{"node":{"fields":{"slug":"/Section4","title":"Diplomatic Relations"}}},{"node":{"fields":{"slug":"/Section2","title":"Schedule of Events"}}},{"node":{"fields":{"slug":"/Section1","title":"The Beginning"}}}]}}}