{"data":{"allMdx":{"edges":[{"node":{"fields":{"slug":"/"},"tableOfContents":{"items":[{"url":"#heading-h1","title":"Heading H1","items":[{"url":"#heading-h2","title":"Heading H2","items":[{"url":"#heading-h3","title":"Heading H3","items":[{"url":"#heading-h4","title":"Heading H4","items":[{"url":"#heading-h5","title":"Heading H5","items":[{"url":"#heading-h6","title":"Heading H6"}]}]}]}]},{"url":"#lists","title":"Lists"},{"url":"#links","title":"Links"}]}]}}},{"node":{"fields":{"slug":"/introduction"},"tableOfContents":{"items":[{"url":"#heading-h1","title":"Heading H1","items":[{"url":"#heading-h2","title":"Heading H2","items":[{"url":"#heading-h3","title":"Heading H3","items":[{"url":"#heading-h4","title":"Heading H4","items":[{"url":"#heading-h5","title":"Heading H5","items":[{"url":"#heading-h6","title":"Heading H6"}]}]}]}]},{"url":"#lists","title":"Lists"},{"url":"#links","title":"Links"}]}]}}},{"node":{"fields":{"slug":"/codeblock"},"tableOfContents":{"items":[{"url":"#live-editing-example","title":"Live Editing example"}]}}},{"node":{"fields":{"slug":"/codeblock/1-index"},"tableOfContents":{"items":[{"url":"#live-editing-example","title":"Live Editing example"}]}}},{"node":{"fields":{"slug":"/Section2"},"tableOfContents":{"items":[{"url":"#causes-of-the-first-world-war","title":"Causes of the First World War","items":[{"url":"#assasination-of-prince-ferdinand","title":"Assasination of Prince Ferdinand"}]}]}}},{"node":{"fields":{"slug":"/Section3"},"tableOfContents":{"items":[{"url":"#causes-of-the-first-world-war","title":"Causes of the First World War","items":[{"url":"#assasination-of-prince-ferdinand","title":"Assasination of Prince Ferdinand"}]}]}}},{"node":{"fields":{"slug":"/Section4"},"tableOfContents":{"items":[{"url":"#causes-of-the-first-world-war","title":"Causes of the First World War","items":[{"url":"#assasination-of-prince-ferdinand","title":"Assasination of Prince Ferdinand"}]}]}}},{"node":{"fields":{"slug":"/Section5"},"tableOfContents":{"items":[{"url":"#causes-of-the-first-world-war","title":"Causes of the First World War","items":[{"url":"#assasination-of-prince-ferdinand","title":"Assasination of Prince Ferdinand"}]}]}}},{"node":{"fields":{"slug":"/Section1"},"tableOfContents":{"items":[{"url":"#when-did-this-narrative-begin","title":"When did this narrative begin?"}]}}}]}}}