{"data":{"allMdx":{"edges":[{"node":{"fields":{"slug":"/"},"tableOfContents":{"items":[{"url":"#section-1","title":"Section 1","items":[{"url":"#section-2","title":"Section 2","items":[{"url":"#section-3","title":"Section 3","items":[{"url":"#section-4","title":"Section 4","items":[{"url":"#section-5","title":"Section 5","items":[{"url":"#section-6","title":"Section 6"}]}]}]}]},{"url":"#lists","title":"Lists"}]}]}}},{"node":{"fields":{"slug":"/introduction"},"tableOfContents":{"items":[{"url":"#table-of-contents","title":"Table of Contents","items":[{"url":"#section-1","title":"Section 1"},{"url":"#section-2","title":"Section 2"},{"url":"#section-3","title":"Section 3"},{"url":"#section-4","title":"Section 4"},{"url":"#section-5","title":"Section 5"},{"url":"#section-6","title":"Section 6"}]}]}}},{"node":{"fields":{"slug":"/Section3"},"tableOfContents":{"items":[{"url":"#how-did-the-annexation-of-texas-play-as-a-key-contributer-in-the-mexican-american-war","title":"How did the Annexation of Texas play as a key contributer in the Mexican-American War?"}]}}},{"node":{"fields":{"slug":"/Section5"},"tableOfContents":{"items":[{"url":"#what-was-the-point-where-the-mexican-american-tensions-reached-its-peak","title":"What was the point where the Mexican-American tensions reached its peak?"}]}}},{"node":{"fields":{"slug":"/Section4"},"tableOfContents":{"items":[{"url":"#how-did-diplomatic-efforts-influence-the-growing-tensions-between-mexico-and-the-united-states","title":"How did diplomatic efforts influence the growing tensions between Mexico and the United States?"}]}}},{"node":{"fields":{"slug":"/Section2"},"tableOfContents":{"items":[{"url":"#how-did-manifest-destiny-influence-americans","title":"How did Manifest Destiny Influence Americans?"}]}}},{"node":{"fields":{"slug":"/Section1"},"tableOfContents":{"items":[{"url":"#when-did-this-narrative-begin","title":"When did this narrative begin?"}]}}}]}}}