{"data":{"allMdx":{"edges":[{"node":{"fields":{"slug":"/introduction"},"tableOfContents":{"items":[{"url":"#table-of-contents","title":"Table of Contents","items":[{"url":"#section-1","title":"Section 1"},{"url":"#section-2","title":"Section 2"},{"url":"#section-3","title":"Section 3"},{"url":"#section-4","title":"Section 4"},{"url":"#section-5","title":"Section 5"},{"url":"#section-6","title":"Section 6"}]}]}}},{"node":{"fields":{"slug":"/"},"tableOfContents":{"items":[{"url":"#table-of-contents","title":"Table of Contents","items":[{"url":"#section-2","title":"Section 2"},{"url":"#section-3","title":"Section 3"},{"url":"#section-4","title":"Section 4"},{"url":"#section-5","title":"Section 5"},{"url":"#section-6","title":"Section 6"}]}]}}},{"node":{"fields":{"slug":"/Section4"},"tableOfContents":{"items":[{"url":"#diplomatic-relations","title":"Diplomatic Relations"}]}}},{"node":{"fields":{"slug":"/Section5"},"tableOfContents":{"items":[{"url":"#increase-of-tensions","title":"Increase of Tensions"}]}}},{"node":{"fields":{"slug":"/Section2"},"tableOfContents":{"items":[{"url":"#ideologies","title":"Ideologies"}]}}},{"node":{"fields":{"slug":"/Section6"},"tableOfContents":{"items":[{"url":"#conclusion","title":"Conclusion"}]}}},{"node":{"fields":{"slug":"/Section7"},"tableOfContents":{"items":[{"url":"#thank-you-for-visiting-this-website","title":"Thank you for visiting this website!","items":[{"url":"#references","title":"References"}]}]}}},{"node":{"fields":{"slug":"/Section3"},"tableOfContents":{"items":[{"url":"#annexation-of-texas-and-political-maneuvering","title":"Annexation of Texas and Political Maneuvering"}]}}},{"node":{"fields":{"slug":"/Section1"},"tableOfContents":{"items":[{"url":"#the-beginning","title":"The Beginning"}]}}}]}}}