{"name":"build-javascript","namedChunkGroups":{"polyfill":{"name":"polyfill","assets":[{"name":"webpack-runtime-95c224a203415c62273a.js","size":3744},{"name":"polyfill-5b1339aaca438e8d523d.js","size":85047}],"filteredAssets":0,"assetsSize":88791,"filteredAuxiliaryAssets":2,"auxiliaryAssetsSize":221933},"app":{"name":"app","assets":[{"name":"webpack-runtime-95c224a203415c62273a.js","size":3744},{"name":"framework-4360c6542b05912f4eff.js","size":129771},{"name":"app-32b5fdd7fd978237f5df.js","size":281168}],"filteredAssets":0,"assetsSize":414683,"filteredAuxiliaryAssets":3,"auxiliaryAssetsSize":1231408},"component---src-templates-docs-js":{"name":"component---src-templates-docs-js","assets":[],"filteredAssets":0,"assetsSize":0,"filteredAuxiliaryAssets":0,"auxiliaryAssetsSize":0}},"assetsByChunkName":{"polyfill":["webpack-runtime-95c224a203415c62273a.js","polyfill-5b1339aaca438e8d523d.js"],"app":["webpack-runtime-95c224a203415c62273a.js","framework-4360c6542b05912f4eff.js","app-32b5fdd7fd978237f5df.js"],"component---src-templates-docs-js":[]},"childAssetsByChunkName":{}}